"","chrom","nuc"
"1",1,5918.606
"2",1,6069
"3",1,6817
"4",1,7827.384
"5",1,9421.348
"6",1,10284
"7",1,12042
"8",1,13349
"9",1,14391
"10",1,15121
"11",1,18460
"12",1,18736.435
"13",1,19980
"14",1,21392
"15",1,21963
"16",1,22506.932
"17",1,22834
"18",1,23269
"19",1,26900
"20",1,27415.682
"21",1,27542
"22",1,27560
"23",1,29813.398
"24",1,30378
"25",1,30688.467
"26",1,30834
"27",1,32219.404
"28",1,32880
"29",1,33440.731
"30",1,33624
"31",1,34018
"32",1,35000
"33",1,36499
"34",1,39774
"35",1,45171
"36",1,47052.278
"37",1,50120
"38",1,53698
"39",1,54837
"40",1,56978
"41",1,57857
"42",1,58618.502
"43",1,58619
"44",1,60652
"45",1,60743
"46",1,61842
"47",1,63708
"48",1,63825
"49",1,64641
"50",1,67523.433
"51",1,67881.562
"52",1,69092
"53",1,75136
"54",1,77139
"55",1,78407
"56",1,79392
"57",1,81966
"58",1,91619.913
"59",1,96290
"60",1,101148
"61",1,101435
"62",1,103452.176
"63",1,109560
"64",1,109752
"65",1,110123
"66",1,110394
"67",1,110631
"68",1,111807
"69",1,112456
"70",1,114325
"71",1,114548
"72",1,114548.311
"73",1,115000
"74",1,117849
"75",1,119505
"76",1,143223
"77",1,143379
"78",1,148481
"79",1,148497
"80",1,152361.559
"81",1,154047.518
"82",1,156282
"83",1,157693
"84",1,157812
"85",1,159634
"86",1,159925.955
"87",1,160212.839
"88",1,163241
"89",1,164403
"90",1,164792
"91",1,164980
"92",1,165280
"93",1,165442
"94",1,167345
"95",1,167931
"96",1,168843.932
"97",1,169741.635
"98",1,171602
"99",1,172361
"100",1,174528
"101",1,179543
"102",1,180113
"103",1,180394.779
"104",1,182394
"105",1,182956
"106",1,185224
"107",1,192545
"108",1,193921.282
"109",1,195851.323
"110",1,197403
"111",1,198434
"112",1,199181.297
"113",1,199369
"114",1,199789
"115",1,201306.53
"116",1,202081
"117",1,202636
"118",1,202893
"119",1,204829
"120",1,206665
"121",1,207093
"122",1,209140
"123",1,212702
"124",1,213196
"125",1,215635.418
"126",1,220942
"127",1,223184
"128",1,229579
"129",1,232755.281
"130",1,233669
"131",1,236590
"132",1,237178.563
"133",1,238647
"134",1,238741
"135",1,239819
"136",1,239937
"137",2,0
"138",2,6680
"139",2,9619
"140",2,10565
"141",2,15249
"142",2,16108
"143",2,16108.95
"144",2,19239
"145",2,28578
"146",2,31391
"147",2,34254
"148",2,36574
"149",2,37308.283
"150",2,37891
"151",2,45906
"152",2,46240
"153",2,47684.622
"154",2,57129
"155",2,61124
"156",2,68566.957
"157",2,70526
"158",2,70649.179
"159",2,75252.699
"160",2,79682
"161",2,84963
"162",2,86051
"163",2,96719
"164",2,97951.43
"165",2,106168
"166",2,106895
"167",2,113094
"168",2,113603
"169",2,134313
"170",2,137699
"171",2,141898
"172",2,145625
"173",2,148478.863
"174",2,151527.253
"175",2,151527.253
"176",2,151964
"177",2,152865
"178",2,156486
"179",2,158796.372
"180",2,160851
"181",2,168191
"182",2,171577
"183",2,175659
"184",2,176227
"185",2,179859
"186",2,183149
"187",2,184695
"188",2,195683
"189",2,201831
"190",2,204775
"191",2,205400.439
"192",2,207593
"193",2,212449
"194",2,212454.864
"195",2,218461
"196",2,220995
"197",2,222128
"198",2,223880
"199",2,224790
"200",2,225795
"201",2,232440
"202",2,233638
"203",2,233910
"204",2,234356.494
"205",2,235978
"206",2,236917
"207",2,238365.146
"208",2,243616
"209",3,0
"210",3,2121
"211",3,2132
"212",3,4055
"213",3,6776
"214",3,8160.756
"215",3,8687
"216",3,10157.819
"217",3,11492
"218",3,12600
"219",3,13853
"220",3,14460.134
"221",3,15171
"222",3,15780
"223",3,22373
"224",3,22735
"225",3,23710
"226",3,24198.962
"227",3,25444.866
"228",3,28646
"229",3,29867
"230",3,30710
"231",3,36353
"232",3,38009.631
"233",3,38238
"234",3,41125.969
"235",3,42269.952
"236",3,42435
"237",3,43081.314
"238",3,44574
"239",3,45301
"240",3,48160.639
"241",3,49334.635
"242",3,50085.379
"243",3,50292.845
"244",3,53217.013
"245",3,53486.423
"246",3,53990
"247",3,55786
"248",3,56154
"249",3,57323
"250",3,59521
"251",3,59791
"252",3,60467
"253",3,62456
"254",3,62499.927
"255",3,63995
"256",3,64165
"257",3,67590
"258",3,72347.163
"259",3,100810
"260",3,101972.863
"261",3,106039
"262",3,108925
"263",3,109808
"264",3,114258
"265",3,115168.539
"266",3,116445
"267",3,118923
"268",3,119309
"269",3,120765
"270",3,125401
"271",3,127264.797
"272",3,128438
"273",3,130209.34
"274",3,130570.234
"275",3,132900.954
"276",3,136234.076
"277",3,136638
"278",3,137290.056
"279",3,137444
"280",3,137444.455
"281",3,137444.455
"282",3,138742
"283",3,139695
"284",3,139809.211
"285",3,140305.049
"286",3,140483.269
"287",3,140781
"288",3,143663.252
"289",3,144088
"290",3,144684
"291",3,146387
"292",3,149780.867
"293",3,150128
"294",3,151347
"295",3,152252
"296",3,152627
"297",3,153429.109
"298",3,160564.633
"299",3,161882.868
"300",3,165128
"301",3,168514.415
"302",3,169530.924
"303",3,170126.904
"304",3,170244
"305",3,170803
"306",3,171446.09
"307",3,171472.454
"308",3,171512.987
"309",3,171572.281
"310",3,171691.22
"311",3,171691.22
"312",3,171913.819
"313",3,171920.878
"314",3,171927.116
"315",3,171961.048
"316",3,171987.594
"317",3,172035.049
"318",3,172035.049
"319",3,172970
"320",3,173518.452
"321",3,180237.517
"322",3,180238
"323",3,180273
"324",3,180749
"325",3,185297
"326",3,185406
"327",3,188707.765
"328",3,188760
"329",3,188760.139
"330",3,190400
"331",3,190983.021
"332",3,191164.731
"333",3,192998.188
"334",3,197102.87
"335",3,198342.644
"336",3,199344
"337",4,753
"338",4,1083
"339",4,1864
"340",4,2997.112
"341",4,4485
"342",4,4859
"343",4,4936
"344",4,8171
"345",4,9756
"346",4,11085
"347",4,15196
"348",4,19188
"349",4,20415
"350",4,23295
"351",4,23986
"352",4,25331
"353",4,25835
"354",4,26142
"355",4,28680
"356",4,29422
"357",4,30264
"358",4,30469
"359",4,30614
"360",4,30741
"361",4,33162
"362",4,35527
"363",4,37073
"364",4,38053
"365",4,38162
"366",4,40214
"367",4,40749
"368",4,41277
"369",4,42338
"370",4,44474
"371",4,44739
"372",4,45819
"373",4,45843
"374",4,47679
"375",4,48053.342
"376",4,48102
"377",4,48340
"378",4,48340
"379",4,48819
"380",4,52945
"381",4,53657
"382",4,54688
"383",4,55010.743
"384",4,55111
"385",4,56462
"386",4,57177
"387",4,66193.025
"388",4,66604
"389",4,67755
"390",4,68456
"391",4,71696
"392",4,73488
"393",4,74424
"394",4,74736.256
"395",4,75202
"396",4,75320
"397",4,75331
"398",4,75331
"399",4,75429
"400",4,76058
"401",4,76371
"402",4,76597
"403",4,77400
"404",4,79324
"405",4,80786
"406",4,82882
"407",4,83433
"408",4,84625
"409",4,85428
"410",4,86767
"411",4,87369
"412",4,87738
"413",4,87974
"414",4,88522
"415",4,89387.214
"416",4,89864
"417",4,90433
"418",4,90591
"419",4,91474
"420",4,91710
"421",4,94193
"422",4,94902
"423",4,97135
"424",4,98738
"425",4,99766.981
"426",4,99792
"427",4,100687
"428",4,101567
"429",4,111671
"430",4,112154.575
"431",4,112724
"432",4,115227
"433",4,120384
"434",4,120417
"435",4,120664
"436",4,121198
"437",4,121886
"438",4,124058
"439",4,124066
"440",4,124272
"441",4,124748
"442",4,125135
"443",4,128592
"444",4,128976
"445",4,133904
"446",4,134574
"447",4,135249
"448",4,139759
"449",4,139994
"450",4,141249
"451",4,142438.37
"452",4,143222
"453",4,144835.893
"454",4,144835.893
"455",4,145023
"456",4,145376
"457",4,145376
"458",4,145551
"459",4,147169
"460",4,147357
"461",4,148000
"462",4,152620
"463",4,152716
"464",4,152942
"465",4,153406
"466",4,155127
"467",4,155186.521
"468",4,155826
"469",4,156061
"470",4,158297
"471",4,158730
"472",4,160107
"473",4,160183
"474",4,163266
"475",4,165405
"476",4,167513
"477",4,168854
"478",4,169422
"479",4,169974
"480",4,170539
"481",4,171540
"482",4,172999
"483",4,173700
"484",4,174952
"485",4,175400
"486",4,176384
"487",4,178299
"488",4,179291
"489",4,183090
"490",4,183250
"491",4,185542
"492",4,185751
"493",4,185847
"494",4,186004.804
"495",4,186282
"496",4,186349
"497",4,186965
"498",4,187142
"499",4,187703
"500",4,187817
"501",4,188204
"502",4,188988
"503",4,191732
"504",5,0
"505",5,1478
"506",5,3055
"507",5,3449
"508",5,3816
"509",5,3995
"510",5,4965
"511",5,6365
"512",5,7387
"513",5,10279
"514",5,10746
"515",5,11435
"516",5,14563
"517",5,14927
"518",5,15871
"519",5,16623
"520",5,16684
"521",5,17465
"522",5,31667
"523",5,32068
"524",5,33747
"525",5,35843
"526",5,37905
"527",5,38525.405
"528",5,41329
"529",5,53345
"530",5,54223
"531",5,55756
"532",5,55905
"533",5,56283
"534",5,57585
"535",5,57985
"536",5,58769
"537",5,62919
"538",5,64806
"539",5,66059
"540",5,66185
"541",5,67255
"542",5,67819
"543",5,68478.878
"544",5,74612
"545",5,76314
"546",5,77844
"547",5,78971
"548",5,81388
"549",5,81757
"550",5,82851
"551",5,86020
"552",5,95881
"553",5,102729
"554",5,103124
"555",5,106611
"556",5,111718
"557",5,112256
"558",5,112438
"559",5,112761
"560",5,113712
"561",5,117064
"562",5,120387
"563",5,121395
"564",5,127225
"565",5,128229
"566",5,131375
"567",5,131895.594
"568",5,131958.034
"569",5,133193
"570",5,133558
"571",5,133670.44
"572",5,133928
"573",5,134471
"574",5,137655
"575",5,137697
"576",5,137881
"577",5,141079
"578",5,141675
"579",5,147258
"580",5,148396
"581",5,149462
"582",5,149773
"583",5,151112
"584",5,151601
"585",5,152667
"586",5,155172
"587",5,157700
"588",5,158183
"589",5,159866
"590",5,160720
"591",5,163302
"592",5,166977
"593",5,169122
"594",5,171198
"595",5,172574
"596",5,173001
"597",5,173496
"598",5,174849.279
"599",5,176505.587
"600",5,177772
"601",5,179290
"602",6,4285
"603",6,5618
"604",6,6939
"605",6,7368
"606",6,7900
"607",6,8799
"608",6,13498
"609",6,14557
"610",6,15945
"611",6,16005.867
"612",6,16407
"613",6,16499
"614",6,16761
"615",6,17056
"616",6,20118
"617",6,20443
"618",6,21716
"619",6,22030
"620",6,23410
"621",6,23690
"622",6,23944
"623",6,24851
"624",6,26195
"625",6,27928
"626",6,31650
"627",6,33787
"628",6,35199
"629",6,36312
"630",6,36693
"631",6,36693.341
"632",6,37188.722
"633",6,37591
"634",6,39160
"635",6,39187
"636",6,40340
"637",6,43145
"638",6,43811
"639",6,44168
"640",6,46975
"641",6,47358
"642",6,48061
"643",6,51035
"644",6,55302
"645",6,62318
"646",6,64091
"647",6,64226
"648",6,71712
"649",6,72184
"650",6,75042
"651",6,85580
"652",6,89723
"653",6,91180
"654",6,99673
"655",6,100036
"656",6,100506
"657",6,105560
"658",6,108282
"659",6,108555
"660",6,111933.613
"661",6,111956.726
"662",6,112006
"663",6,112447
"664",6,112942
"665",6,113606
"666",6,115327
"667",6,119429
"668",6,120789
"669",6,124948
"670",6,125373
"671",6,128717
"672",6,131601
"673",6,133412
"674",6,135483.109
"675",6,136296
"676",6,137396
"677",6,155211
"678",6,160238
"679",6,170695
"680",6,170737.911
"681",7,188
"682",7,807
"683",7,2141
"684",7,2730
"685",7,2842
"686",7,2948
"687",7,4360
"688",7,5757
"689",7,5865
"690",7,6993
"691",7,8628
"692",7,9820
"693",7,16990
"694",7,17301
"695",7,17341
"696",7,18118
"697",7,18475
"698",7,18557
"699",7,19184
"700",7,19727
"701",7,22456
"702",7,22543
"703",7,24468
"704",7,25979
"705",7,26218
"706",7,27651
"707",7,27914
"708",7,29280
"709",7,29730
"710",7,31485
"711",7,32643
"712",7,33387
"713",7,34607
"714",7,34955
"715",7,34996
"716",7,36331
"717",7,36505
"718",7,36961
"719",7,37897
"720",7,38494
"721",7,39270
"722",7,39895
"723",7,40593
"724",7,40815
"725",7,40864
"726",7,41166
"727",7,42422
"728",7,42828
"729",7,43022
"730",7,44081
"731",7,44253
"732",7,44369
"733",7,45498
"734",7,45830
"735",7,45896
"736",7,46025
"737",7,46877
"738",7,48000
"739",7,49775
"740",7,50725
"741",7,52046
"742",7,53465
"743",7,54828.553
"744",7,54871
"745",7,55206
"746",7,55242
"747",7,55349
"748",7,63546
"749",7,65115
"750",7,66469
"751",7,67265
"752",7,67608
"753",7,67811
"754",7,69638
"755",7,71146
"756",7,71275
"757",7,71432
"758",7,72822
"759",7,72855
"760",7,73357
"761",7,77250
"762",7,77697
"763",7,79459
"764",7,79459
"765",7,80121
"766",7,81611
"767",7,82609
"768",7,84156
"769",7,86105.763
"770",7,86745
"771",7,87477
"772",7,87990
"773",7,90029
"774",7,90268.894
"775",7,91856
"776",7,92211
"777",7,92418
"778",7,92475
"779",7,93098
"780",7,94735
"781",7,95227
"782",7,95552.733
"783",7,96636
"784",7,98035
"785",7,99973
"786",7,100265
"787",7,100334
"788",7,100337
"789",7,101400
"790",7,104127
"791",7,104174
"792",7,106305
"793",7,106595
"794",7,106748
"795",7,107079
"796",7,107908
"797",7,108069
"798",7,111198
"799",7,111200
"800",7,114104
"801",7,115396
"802",7,115449
"803",7,115627
"804",7,115990
"805",7,115990
"806",7,116565
"807",7,120591
"808",7,121089
"809",7,121395
"810",7,123941
"811",7,125500
"812",7,127170
"813",7,127287
"814",7,127910
"815",7,128500
"816",7,128687
"817",7,129047
"818",7,131260
"819",7,132809
"820",7,133332
"821",7,134505
"822",7,136029
"823",7,136600
"824",7,136916
"825",7,137509
"826",7,137608
"827",7,137683
"828",7,138472
"829",7,139192
"830",7,139842
"831",7,142994
"832",7,143474
"833",7,144769
"834",7,147633
"835",7,150092
"836",7,150928
"837",7,151001
"838",7,153599
"839",7,154922
"840",7,156990
"841",7,157964
"842",8,0
"843",8,2058
"844",8,2080
"845",8,2117.695
"846",8,2356
"847",8,3284
"848",8,4219
"849",8,4358
"850",8,4725
"851",8,9674
"852",8,9853
"853",8,10039
"854",8,10209
"855",8,10594
"856",8,10893
"857",8,11164
"858",8,11539
"859",8,11734
"860",8,11739
"861",8,12753
"862",8,12846
"863",8,15646
"864",8,15660
"865",8,15976
"866",8,17394
"867",8,17511
"868",8,19264
"869",8,19617
"870",8,19702
"871",8,19807.05
"872",8,20335
"873",8,22745
"874",8,23223
"875",8,24859
"876",8,25212
"877",8,25299
"878",8,25316
"879",8,26282
"880",8,26290
"881",8,26649.175
"882",8,27243
"883",8,28178
"884",8,28889
"885",8,28963
"886",8,29077
"887",8,29319
"888",8,30494
"889",8,31264
"890",8,32470
"891",8,32637
"892",8,33579
"893",8,35530
"894",8,35635
"895",8,36452
"896",8,38125
"897",8,38257
"898",8,38287.741
"899",8,39745
"900",8,39855
"901",8,40481
"902",8,40661
"903",8,41163.276
"904",8,41529.085
"905",8,41663
"906",8,43001
"907",8,47823
"908",8,49118
"909",8,52199
"910",8,52638
"911",8,53073
"912",8,53297
"913",8,53605
"914",8,54464
"915",8,55552
"916",8,55737
"917",8,56842.332
"918",8,56919
"919",8,56973
"920",8,61151
"921",8,61583.289
"922",8,64362
"923",8,65694
"924",8,67298
"925",8,67392
"926",8,67480
"927",8,70364
"928",8,74222
"929",8,74642
"930",8,74944
"931",8,76694
"932",8,78060
"933",8,79384
"934",8,79894
"935",8,80998
"936",8,82164
"937",8,82336
"938",8,82467
"939",8,92927.734
"940",8,93059
"941",8,93148
"942",8,98877
"943",8,99005
"944",8,99284
"945",8,100171
"946",8,100605
"947",8,101112
"948",8,101126
"949",8,110377
"950",8,118645
"951",8,118768
"952",8,118768
"953",8,123706
"954",8,125385
"955",8,125503
"956",8,125521
"957",8,126333
"958",8,126487
"959",8,126543
"960",8,127186
"961",8,127639
"962",8,128500
"963",8,128704.918
"964",8,128704.918
"965",8,131013
"966",8,132829
"967",8,133112
"968",8,133449
"969",8,133963
"970",8,134425
"971",8,135163
"972",8,135479
"973",8,135878
"974",8,136665
"975",8,137675
"976",8,138273
"977",8,141505
"978",8,141508
"979",8,146309
"980",9,222
"981",9,2644
"982",9,4408
"983",9,4576
"984",9,4820
"985",9,5180
"986",9,5893
"987",9,5964
"988",9,10432
"989",9,10578
"990",9,11586
"991",9,11640
"992",9,11790
"993",9,12628
"994",9,13018
"995",9,13369
"996",9,14333
"997",9,15858
"998",9,16141
"999",9,17487
"1000",9,19585
"1001",9,20334.967
"1002",9,21957.751
"1003",9,21958
"1004",9,22823
"1005",9,24524
"1006",9,25426
"1007",9,27290
"1008",9,27537
"1009",9,30769
"1010",9,31035
"1011",9,31664
"1012",9,32326
"1013",9,32970
"1014",9,33163
"1015",9,34511
"1016",9,34590
"1017",9,34971
"1018",9,35800
"1019",9,36175
"1020",9,36204
"1021",9,37608
"1022",9,38085
"1023",9,67145
"1024",9,67236
"1025",9,68066
"1026",9,68683
"1027",9,69380
"1028",9,71119
"1029",9,73222
"1030",9,73439
"1031",9,74535
"1032",9,75400
"1033",9,75457
"1034",9,77811
"1035",9,80348
"1036",9,80767
"1037",9,81525
"1038",9,81643
"1039",9,83093
"1040",9,84018
"1041",9,85079
"1042",9,85712
"1043",9,86475
"1044",9,87222
"1045",9,87242
"1046",9,89148
"1047",9,89667
"1048",9,91550
"1049",9,92564
"1050",9,92643.363
"1051",9,93007
"1052",9,93144
"1053",9,93202.825
"1054",9,93550
"1055",9,96225
"1056",9,96445
"1057",9,97131
"1058",9,97957
"1059",9,98111
"1060",9,98250
"1061",9,98274
"1062",9,98443
"1063",9,105543
"1064",9,106020
"1065",9,108906
"1066",9,110120
"1067",9,111201
"1068",9,111466
"1069",9,112354
"1070",9,112532
"1071",9,112785
"1072",9,115037
"1073",9,115789
"1074",9,116348
"1075",9,118302
"1076",9,122569
"1077",9,122776
"1078",9,127638
"1079",9,127951
"1080",9,128986.497
"1081",9,129650
"1082",9,129693
"1083",9,131043
"1084",9,131843.236
"1085",9,131879
"1086",9,136372
"1087",10,0
"1088",10,178
"1089",10,1578
"1090",10,2197
"1091",10,3622
"1092",10,4301
"1093",10,6632
"1094",10,6649
"1095",10,7200
"1096",10,7901
"1097",10,8120
"1098",10,8923
"1099",10,11804
"1100",10,12796.951
"1101",10,13694
"1102",10,13711
"1103",10,14455
"1104",10,15557
"1105",10,17956
"1106",10,20564
"1107",10,21378
"1108",10,21593
"1109",10,21850
"1110",10,21867
"1111",10,22138
"1112",10,22614.145
"1113",10,22622
"1114",10,22666
"1115",10,22794
"1116",10,23586
"1117",10,24560
"1118",10,24840
"1119",10,25593
"1120",10,26493
"1121",10,29581
"1122",10,30577
"1123",10,34315
"1124",10,42856.517
"1125",10,43423
"1126",10,43988
"1127",10,44121
"1128",10,49923
"1129",10,51484
"1130",10,51554
"1131",10,52297
"1132",10,53025
"1133",10,53259
"1134",10,59302
"1135",10,60133
"1136",10,61975
"1137",10,63911
"1138",10,64542
"1139",10,66053
"1140",10,67615
"1141",10,68620
"1142",10,69318
"1143",10,69724
"1144",10,70407
"1145",10,70854
"1146",10,71425
"1147",10,71740
"1148",10,72010
"1149",10,72320
"1150",10,72570
"1151",10,72931
"1152",10,74004
"1153",10,74222
"1154",10,75118
"1155",10,76964
"1156",10,78276
"1157",10,78296
"1158",10,78596
"1159",10,80207
"1160",10,80374
"1161",10,81837
"1162",10,88215
"1163",10,89288.344
"1164",10,89676
"1165",10,94033.504
"1166",10,95192.699
"1167",10,96648
"1168",10,97763
"1169",10,98832
"1170",10,99295
"1171",10,99789
"1172",10,101068
"1173",10,101310
"1174",10,101657
"1175",10,101703
"1176",10,102391
"1177",10,102961
"1178",10,103585
"1179",10,103820.049
"1180",10,105401
"1181",10,105823
"1182",10,107185
"1183",10,107841
"1184",10,108591
"1185",10,108767
"1186",10,110790
"1187",10,111415
"1188",10,111544
"1189",10,112985
"1190",10,114186
"1191",10,114531
"1192",10,115457.657
"1193",10,115612
"1194",10,115887
"1195",10,120497
"1196",10,121249
"1197",10,121974
"1198",10,122745
"1199",10,122902.442
"1200",10,123678
"1201",10,124606
"1202",10,127417
"1203",10,127765
"1204",10,128242
"1205",10,128795
"1206",10,129270
"1207",10,132877
"1208",10,133055
"1209",10,133884
"1210",10,135037
"1211",11,0
"1212",11,522.942
"1213",11,522.942
"1214",11,523
"1215",11,2149.57
"1216",11,2869
"1217",11,3582
"1218",11,3812.52
"1219",11,4188
"1220",11,5230.038
"1221",11,5349
"1222",11,5371
"1223",11,6113
"1224",11,6278
"1225",11,7256
"1226",11,8563
"1227",11,9094
"1228",11,10500
"1229",11,10534
"1230",11,11611
"1231",11,11685
"1232",11,11689
"1233",11,12616
"1234",11,12686
"1235",11,13767
"1236",11,14374
"1237",11,14838
"1238",11,17179
"1239",11,17865
"1240",11,18158
"1241",11,19235
"1242",11,19261
"1243",11,19383
"1244",11,19596
"1245",11,19960
"1246",11,20188
"1247",11,23939
"1248",11,25057
"1249",11,26547
"1250",11,26560
"1251",11,27041
"1252",11,29798
"1253",11,30505
"1254",11,30640
"1255",11,31328
"1256",11,31328
"1257",11,32373.794
"1258",11,32374
"1259",11,32374
"1260",11,33269
"1261",11,33310
"1262",11,33539
"1263",11,33695
"1264",11,34632
"1265",11,34632
"1266",11,34776
"1267",11,35241
"1268",11,36016
"1269",11,36029
"1270",11,36361
"1271",11,36373
"1272",11,36674
"1273",11,36741
"1274",11,40253
"1275",11,40887
"1276",11,41566
"1277",11,41866
"1278",11,42826
"1279",11,43689
"1280",11,44107
"1281",11,44601
"1282",11,44934
"1283",11,45055
"1284",11,46046
"1285",11,46591
"1286",11,46591
"1287",11,47245.301
"1288",11,47997
"1289",11,48099
"1290",11,48472
"1291",11,56376
"1292",11,56629
"1293",11,57148
"1294",11,58500
"1295",11,59117
"1296",11,59215
"1297",11,59240
"1298",11,59955.803
"1299",11,62290
"1300",11,62953
"1301",11,62970
"1302",11,63810.389
"1303",11,64314
"1304",11,64346.355
"1305",11,64802
"1306",11,65048
"1307",11,66178
"1308",11,66394
"1309",11,66929
"1310",11,67049
"1311",11,67802
"1312",11,68482.613
"1313",11,69134
"1314",11,69229
"1315",11,69229
"1316",11,69242
"1317",11,69242
"1318",11,69361
"1319",11,70008
"1320",11,70129
"1321",11,71659
"1322",11,72013
"1323",11,72765
"1324",11,73039
"1325",11,73337
"1326",11,74815
"1327",11,74949
"1328",11,75067
"1329",11,75624
"1330",11,75993
"1331",11,76094.882
"1332",11,76760
"1333",11,77013
"1334",11,78025
"1335",11,78686
"1336",11,82259
"1337",11,83075
"1338",11,83096
"1339",11,83276
"1340",11,85003
"1341",11,85395
"1342",11,85481
"1343",11,86775
"1344",11,87714.913
"1345",11,92954
"1346",11,93773
"1347",11,93920
"1348",11,97426
"1349",11,99843
"1350",11,101595
"1351",11,101955
"1352",11,102182
"1353",11,102471
"1354",11,104333
"1355",11,104357
"1356",11,105059
"1357",11,105295
"1358",11,107455
"1359",11,107701.85
"1360",11,107774
"1361",11,109450
"1362",11,110978.55
"1363",11,111244
"1364",11,111630
"1365",11,112817.968
"1366",11,112818
"1367",11,112964
"1368",11,113531
"1369",11,113807
"1370",11,116613.441
"1371",11,117055
"1372",11,117844.879
"1373",11,118011
"1374",11,118862
"1375",11,119095
"1376",11,119486
"1377",11,119806
"1378",11,120201
"1379",11,120456
"1380",11,121703
"1381",11,122731
"1382",11,122910
"1383",11,125424
"1384",11,125860
"1385",11,126228
"1386",11,131207
"1387",11,132085
"1388",11,133589
"1389",11,134483
"1390",12,174
"1391",12,2978
"1392",12,3457.393
"1393",12,4177
"1394",12,4191
"1395",12,4253.198
"1396",12,5221
"1397",12,11935.247
"1398",12,12770
"1399",12,13644
"1400",12,14736
"1401",12,14833
"1402",12,15665
"1403",12,18417
"1404",12,18610
"1405",12,22094
"1406",12,25249
"1407",12,26255
"1408",12,27316
"1409",12,30116
"1410",12,30741
"1411",12,32989
"1412",12,43909
"1413",12,47439
"1414",12,47658.502
"1415",12,47682.343
"1416",12,48129
"1417",12,48794.831
"1418",12,49870
"1419",12,50298
"1420",12,50918
"1421",12,51016
"1422",12,51325
"1423",12,52180
"1424",12,52480
"1425",12,54782
"1426",12,56152.111
"1427",12,56427
"1428",12,57375
"1429",12,59176
"1430",12,60918
"1431",12,61706
"1432",12,62763
"1433",12,63254
"1434",12,63300
"1435",12,63731
"1436",12,65016
"1437",12,65483
"1438",12,66706
"1439",12,67191.307
"1440",12,67488
"1441",12,67488
"1442",12,68218
"1443",12,74053
"1444",12,75752
"1445",12,78276
"1446",12,80359
"1447",12,88211
"1448",12,90601
"1449",12,91384
"1450",12,91954
"1451",12,92401
"1452",12,93024
"1453",12,93273
"1454",12,93918
"1455",12,93927
"1456",12,94498
"1457",12,94706
"1458",12,97222
"1459",12,99314
"1460",12,99970
"1461",12,100203
"1462",12,101292.143
"1463",12,102582
"1464",12,102794.643
"1465",12,102862.106
"1466",12,103739
"1467",12,105025
"1468",12,105290
"1469",12,105448
"1470",12,105578
"1471",12,110302
"1472",12,110804
"1473",12,113916
"1474",12,124495
"1475",12,125569
"1476",12,127116
"1477",12,128754
"1478",12,129158
"1479",12,129550
"1480",12,131939
"1481",13,19885
"1482",13,21702
"1483",13,22138.869
"1484",13,23399
"1485",13,25534
"1486",13,29031
"1487",13,29038
"1488",13,30769
"1489",13,30842.814
"1490",13,32967.553
"1491",13,37927
"1492",13,38805
"1493",13,38842.273
"1494",13,38875.096
"1495",13,39564
"1496",13,39608
"1497",13,40802
"1498",13,40992.233
"1499",13,41260
"1500",13,41478
"1501",13,43382
"1502",13,43656
"1503",13,45018
"1504",13,45205.513
"1505",13,46357
"1506",13,46676
"1507",13,46814
"1508",13,49043
"1509",13,51011
"1510",13,58146.3
"1511",13,58297.802
"1512",13,71528
"1513",13,71779
"1514",13,72184
"1515",13,72520
"1516",13,73966
"1517",13,75831
"1518",13,76215
"1519",13,82659
"1520",13,90719
"1521",13,92619
"1522",13,93260
"1523",13,96752
"1524",13,97371
"1525",13,97662
"1526",13,98060
"1527",13,99930
"1528",13,100907
"1529",13,101238
"1530",13,102921
"1531",13,103756
"1532",13,104516
"1533",13,106617
"1534",13,107748
"1535",13,109071
"1536",13,110658
"1537",13,111287
"1538",13,113043
"1539",14,18913.532
"1540",14,19152
"1541",14,19227
"1542",14,19455
"1543",14,21010.676
"1544",14,21199
"1545",14,21467
"1546",14,22529
"1547",14,22595.505
"1548",14,22596
"1549",14,23859
"1550",14,24608
"1551",14,25116
"1552",14,27502
"1553",14,29365
"1554",14,29790
"1555",14,30071
"1556",14,32327
"1557",14,33325
"1558",14,37359
"1559",14,38678
"1560",14,47069
"1561",14,49846
"1562",14,49923
"1563",14,50570
"1564",14,50687
"1565",14,50904
"1566",14,52877
"1567",14,53522
"1568",14,53522
"1569",14,54178
"1570",14,55088
"1571",14,56641
"1572",14,56724
"1573",14,57707
"1574",14,60027.228
"1575",14,61602
"1576",14,62633
"1577",14,62866
"1578",14,62917
"1579",14,63384
"1580",14,63532
"1581",14,65768
"1582",14,67172
"1583",14,68022
"1584",14,68573
"1585",14,74541
"1586",14,75120
"1587",14,76416
"1588",14,76535
"1589",14,77551
"1590",14,86618
"1591",14,87070
"1592",14,87879
"1593",14,88848
"1594",14,89217
"1595",14,89681
"1596",14,90544
"1597",14,90747
"1598",14,91159
"1599",14,92234.803
"1600",14,92658
"1601",14,92807
"1602",14,93287
"1603",14,94166.345
"1604",14,94298
"1605",14,97866
"1606",14,98058
"1607",14,98738
"1608",14,99131
"1609",14,99216
"1610",14,99306
"1611",14,100382
"1612",14,102369
"1613",14,103207.383
"1614",14,105131
"1615",15,21360
"1616",15,21555.199
"1617",15,22771
"1618",15,22771
"1619",15,22904
"1620",15,23232
"1621",15,25602
"1622",15,31364
"1623",15,32327
"1624",15,32651
"1625",15,33953
"1626",15,37198
"1627",15,37687
"1628",15,40050
"1629",15,42541
"1630",15,46419
"1631",15,47336.284
"1632",15,48250
"1633",15,49230
"1634",15,49512
"1635",15,50811
"1636",15,52596
"1637",15,53725
"1638",15,53806
"1639",15,54130
"1640",15,57302
"1641",15,58191
"1642",15,58459
"1643",15,58506
"1644",15,58647
"1645",15,61143
"1646",15,61304
"1647",15,62769
"1648",15,63585
"1649",15,64033
"1650",15,64253
"1651",15,65074.244
"1652",15,65209
"1653",15,65746
"1654",15,67456
"1655",15,67649
"1656",15,70071
"1657",15,70224
"1658",15,70593
"1659",15,72054.671
"1660",15,72148
"1661",15,72774
"1662",15,76260
"1663",15,76549
"1664",15,76930
"1665",15,77858
"1666",15,78495
"1667",15,81611
"1668",15,81944
"1669",15,82804
"1670",15,83155
"1671",15,83600
"1672",15,85146
"1673",15,85888
"1674",15,88990.369
"1675",15,89204
"1676",15,92167
"1677",15,92715
"1678",15,95763
"1679",15,96437
"1680",15,96928.028
"1681",15,100257
"1682",16,44
"1683",16,2419.35
"1684",16,3778
"1685",16,6528
"1686",16,8154
"1687",16,8833
"1688",16,8997
"1689",16,11003
"1690",16,11608
"1691",16,12088
"1692",16,12777
"1693",16,16175.079
"1694",16,18469
"1695",16,18598
"1696",16,20413
"1697",16,23518
"1698",16,23813.897
"1699",16,29955
"1700",16,31616
"1701",16,48483
"1702",16,49514
"1703",16,50420
"1704",16,50758
"1705",16,55043
"1706",16,55603
"1707",16,56005
"1708",16,56509
"1709",16,57967
"1710",16,57967
"1711",16,58468
"1712",16,60574
"1713",16,62029
"1714",16,62316
"1715",16,64926
"1716",16,66171
"1717",16,66424
"1718",16,67002.304
"1719",16,67365
"1720",16,68111
"1721",16,68547
"1722",16,68547.412
"1723",16,68595
"1724",16,68772
"1725",16,69052
"1726",16,69411
"1727",16,71378
"1728",16,71389
"1729",16,75107
"1730",16,75323
"1731",16,76297
"1732",16,76938
"1733",16,78534
"1734",16,78534
"1735",16,82157
"1736",16,83412
"1737",16,83608
"1738",16,84216
"1739",16,85116
"1740",16,85736
"1741",16,89351.472
"1742",16,89514
"1743",17,0
"1744",17,381
"1745",17,624
"1746",17,854
"1747",17,874
"1748",17,2494
"1749",17,2572
"1750",17,2704
"1751",17,2704
"1752",17,2765
"1753",17,2765
"1754",17,2896
"1755",17,6452
"1756",17,7133.91
"1757",17,7458.093
"1758",17,7671
"1759",17,7772
"1760",17,8460
"1761",17,8598
"1762",17,9012
"1763",17,10066
"1764",17,12695.569
"1765",17,14414
"1766",17,14461
"1767",17,15334
"1768",17,16303
"1769",17,16751.015
"1770",17,19537
"1771",17,27121.17
"1772",17,28652
"1773",17,29255
"1774",17,30082
"1775",17,31435
"1776",17,33484
"1777",17,33563
"1778",17,33563
"1779",17,34027
"1780",17,38257
"1781",17,38259.651
"1782",17,38620.672
"1783",17,38681
"1784",17,38827
"1785",17,38860.534
"1786",17,38874
"1787",17,38917.959
"1788",17,39398
"1789",17,39869
"1790",17,41355
"1791",17,41569.482
"1792",17,43194
"1793",17,43198
"1794",17,43281.976
"1795",17,45331
"1796",17,45775
"1797",17,47275
"1798",17,47395
"1799",17,48029
"1800",17,48315
"1801",17,49706
"1802",17,50701
"1803",17,50764
"1804",17,50764
"1805",17,51088
"1806",17,53714
"1807",17,53757
"1808",17,54012.047
"1809",17,55364.733
"1810",17,57549.987
"1811",17,58226
"1812",17,58502
"1813",17,58714
"1814",17,65427
"1815",17,67226
"1816",17,69205
"1817",17,70598
"1818",17,71251
"1819",17,71815
"1820",17,73078
"1821",17,73659
"1822",17,73781
"1823",17,74492
"1824",17,74959
"1825",17,75104
"1826",17,76832
"1827",17,77897
"1828",17,78402
"1829",17,81860
"1830",18,0
"1831",18,711.742
"1832",18,2655
"1833",18,3377
"1834",18,3431
"1835",18,4458
"1836",18,5911
"1837",18,8256.317
"1838",18,9698.353
"1839",18,9932
"1840",18,10150
"1841",18,10750
"1842",18,12587
"1843",18,12905
"1844",18,13082
"1845",18,17272
"1846",18,19622
"1847",18,23275
"1848",18,25164.042
"1849",18,28036
"1850",18,30825
"1851",18,32374
"1852",18,33435
"1853",18,35981
"1854",18,42181
"1855",18,43587
"1856",18,44017
"1857",18,45621
"1858",18,46730
"1859",18,46839
"1860",18,48986
"1861",18,49140
"1862",18,51859
"1863",18,52816
"1864",18,54596
"1865",18,55422
"1866",18,56871
"1867",18,57286
"1868",18,58940
"1869",18,59071
"1870",18,59134.103
"1871",18,59636
"1872",18,64476
"1873",18,64907
"1874",18,65504
"1875",18,66822
"1876",18,70193
"1877",18,72859
"1878",18,73109
"1879",18,75214
"1880",18,76115
"1881",19,0
"1882",19,903
"1883",19,2419
"1884",19,3006
"1885",19,7067.637
"1886",19,11033
"1887",19,11734
"1888",19,12763.332
"1889",19,13702
"1890",19,14304
"1891",19,14886
"1892",19,18127
"1893",19,19023
"1894",19,33315
"1895",19,33418
"1896",19,34302
"1897",19,34995
"1898",19,37482
"1899",19,41164
"1900",19,43016
"1901",19,43373
"1902",19,43862
"1903",19,45433.778
"1904",19,47672
"1905",19,48076
"1906",19,48859
"1907",19,48973
"1908",19,49695
"1909",19,50140.342
"1910",19,50663.092
"1911",19,50685
"1912",19,51666
"1913",19,52665
"1914",19,53310.514
"1915",19,53768
"1916",19,54420
"1917",19,55230
"1918",19,56209
"1919",19,60725
"1920",19,62474
"1921",19,64000
"1922",20,127
"1923",20,307
"1924",20,474
"1925",20,614.133
"1926",20,1263.145
"1927",20,1972
"1928",20,2535
"1929",20,2898.852
"1930",20,3123
"1931",20,3772.106
"1932",20,3772.106
"1933",20,3775
"1934",20,3781
"1935",20,4543
"1936",20,5082
"1937",20,5091
"1938",20,5513
"1939",20,6138
"1940",20,6701
"1941",20,8790
"1942",20,8857
"1943",20,10613
"1944",20,10783
"1945",20,11037
"1946",20,11071
"1947",20,11519
"1948",20,11519
"1949",20,13575
"1950",20,15593
"1951",20,15615
"1952",20,16942
"1953",20,17251.917
"1954",20,17708
"1955",20,18211
"1956",20,18483.545
"1957",20,19662.193
"1958",20,23093
"1959",20,23609
"1960",20,24179
"1961",20,24412
"1962",20,30999
"1963",20,31323
"1964",20,31326
"1965",20,31711
"1966",20,32918.605
"1967",20,33392.913
"1968",20,34018.253
"1969",20,35925.95
"1970",20,36697
"1971",20,36697.499
"1972",20,36736
"1973",20,38669
"1974",20,39568
"1975",20,40192
"1976",20,40260
"1977",20,40437
"1978",20,40486.693
"1979",20,41360
"1980",20,41643
"1981",20,42402
"1982",20,42981.137
"1983",20,43030
"1984",20,43291
"1985",20,43830
"1986",20,44137
"1987",20,44334
"1988",20,44389.228
"1989",20,44521.117
"1990",20,44793.913
"1991",20,45625
"1992",20,46209
"1993",20,46514
"1994",20,46816.106
"1995",20,46816.106
"1996",20,46846
"1997",20,47237
"1998",20,47924
"1999",20,47999
"2000",20,48348.259
"2001",20,49494
"2002",20,49494.125
"2003",20,49812
"2004",20,49812
"2005",20,49885
"2006",20,50072
"2007",20,50670
"2008",20,51182
"2009",20,51669
"2010",20,52394
"2011",20,52854
"2012",20,52869.034
"2013",20,52869.034
"2014",20,53054
"2015",20,53186
"2016",20,53245.938
"2017",20,53455
"2018",20,53455.409
"2019",20,53455.409
"2020",20,53691
"2021",20,54446
"2022",20,54558
"2023",20,54999
"2024",20,55629.949
"2025",20,55630
"2026",20,56590
"2027",20,56590.236
"2028",20,56821.557
"2029",20,59444
"2030",20,62704
"2031",20,62767
"2032",20,63742
"2033",21,14999
"2034",21,16652
"2035",21,18245
"2036",21,18596
"2037",21,20982
"2038",21,22225
"2039",21,24047
"2040",21,26175
"2041",21,26442
"2042",21,26666
"2043",21,26777
"2044",21,26789
"2045",21,26923
"2046",21,28597
"2047",21,29646
"2048",21,29766
"2049",21,29801
"2050",21,30853
"2051",21,31101
"2052",21,31237.013
"2053",21,31281
"2054",21,31408
"2055",21,31454
"2056",21,31577
"2057",21,32217
"2058",21,32693
"2059",21,33198.273
"2060",21,33596.794
"2061",21,33648.248
"2062",21,34528
"2063",21,34980.199
"2064",21,35080.5
"2065",21,36747
"2066",21,38675.72
"2067",21,38715
"2068",21,39115.225
"2069",21,40277
"2070",21,41720.076
"2071",21,41751
"2072",21,43367.829
"2073",21,43579.897
"2074",21,45081.741
"2075",21,46788
"2076",21,46874.316
"2077",22,15547
"2078",22,17693
"2079",22,21847
"2080",22,21847.252
"2081",22,22408.326
"2082",22,27826
"2083",22,28159.125
"2084",22,28324
"2085",22,34543
"2086",22,35153
"2087",22,37172
"2088",22,37863
"2089",22,37863.104
"2090",22,38159.607
"2091",22,40483
"2092",22,43367
"2093",22,43995
"2094",22,49211
"2095",23,0
"2096",23,6599
"2097",23,7908
"2098",23,16360
"2099",23,18845
"2100",23,21572
"2101",23,30476
"2102",23,30879
"2103",23,31094
"2104",23,31163
"2105",23,33752
"2106",23,36500
"2107",23,37039
"2108",23,40235
"2109",23,41939
"2110",23,42854
"2111",23,47333
"2112",23,48740.972
"2113",23,54384
"2114",23,63455
"2115",23,65192
"2116",23,65630.664
"2117",23,65630.664
"2118",23,67136
"2119",23,68315
"2120",23,70314
"2121",23,71907
"2122",23,73363
"2123",23,98701
"2124",23,99376
"2125",23,99376.298
"2126",23,99515.97
"2127",23,99773
"2128",23,101504
"2129",23,104807
"2130",23,109584
"2131",23,109768
"2132",23,121135
"2133",23,125353
"2134",23,127258
"2135",23,129120
"2136",23,129403.027
"2137",23,133683
"2138",23,133888
"2139",23,134636
"2140",23,135853
"2141",23,139089.071
"2142",23,145658
"2143",23,146341
"2144",23,146779
"2145",23,147086
"2146",23,147866
"2147",23,148175
"2148",23,151638.432
"2149",23,153692
